N¼ contribuyente,Fecha de pago,Distrito del inmueble,A–o transferencia del inmueble,Mes transferencia  del inmueble,Cantidad pagos,Impuesto pagado (S/),Intereses pagados (S/),Total pagado (S/),,,
"3241,25/01/2019,MIRAFLORES,2018,6,1,""33,830.25"",""2,408.71"",""36,238.96"",,,"
"6964,12/01/2019,LA MOLINA,2018,12,1,""3,339.74"",0.00,""3,339.74"",,,"
8719,08/01/2019,SAN MARTIN DE PORRES,2006,5,1,0.00,0.02,0.02,,,
"8719,10/01/2019,LA MOLINA,2018,12,1,""125,092.50"",0.00,""125,092.50"",,,"
"8719,11/01/2019,LIMA,2018,12,1,""130,146.00"",0.00,""130,146.00"",,,"
"8719,14/01/2019,ATE,2018,12,1,""7,059.96"",0.00,""7,059.96"",,,"
"8719,30/01/2019,SAN ISIDRO,2018,12,2,""8,153.86"",0.00,""8,153.86"",,,"
"8722,17/01/2019,MIRAFLORES,2018,12,1,""17,034.00"",0.00,""17,034.00"",,,"
"8741,28/01/2019,MIRAFLORES,2019,1,1,""66,876.00"",0.00,""66,876.00"",,,"
"8757,31/01/2019,LURIN,2018,12,1,""85,236.59"",0.00,""85,236.59"",,,"
"11779,11/01/2019,MIRAFLORES,2019,1,6,""180,882.00"",0.00,""180,882.00"",,,"
"12032,11/01/2019,LINCE,2018,12,1,""2,299.80"",0.00,""2,299.80"",,,"
"13444,04/01/2019,LA MOLINA,2018,12,1,""5,899.63"",0.00,""5,899.63"",,,"
"16086,25/01/2019,PACHACAMAC,2018,12,1,""27,063.00"",0.00,""27,063.00"",,,"
"16086,28/01/2019,PACHACAMAC,2019,1,1,""4,762.80"",0.00,""4,762.80"",,,"
"16808,30/01/2019,SANTIAGO DE SURCO,2019,1,1,""14,545.13"",0.00,""14,545.13"",,,"
"17755,12/01/2019,SAN ISIDRO,2018,12,1,""63,631.80"",0.00,""63,631.80"",,,"
"24250,25/01/2019,SANTIAGO DE SURCO,2019,1,1,""3,121.08"",0.00,""3,121.08"",,,"
"25728,30/01/2019,MAGDALENA DEL MAR,2019,1,1,""10,005.75"",0.00,""10,005.75"",,,"
"26189,02/01/2019,SURQUILLO,2018,12,3,""52,928.85"",0.00,""52,928.85"",,,"
"31097,31/01/2019,LURIN,2018,12,1,""23,656.23"",0.00,""23,656.23"",,,"
"31861,09/01/2019,SAN BORJA,2018,11,1,""92,768.60"",333.97,""93,102.57"",,,"
"33023,31/01/2019,MIRAFLORES,2018,12,1,""35,359.89"",0.00,""35,359.89"",,,"
"34435,31/01/2019,SANTIAGO DE SURCO,2019,1,1,""15,488.33"",0.00,""15,488.33"",,,"
"36874,03/01/2019,LURIGANCHO,2018,12,1,""14,453.40"",0.00,""14,453.40"",,,"
"41622,25/01/2019,SANTIAGO DE SURCO,2019,1,1,""12,321.41"",0.00,""12,321.41"",,,"
"42291,25/01/2019,MIRAFLORES,2019,1,1,""14,657.49"",0.00,""14,657.49"",,,"
"42764,17/01/2019,MIRAFLORES,2019,1,3,""2,456.58"",0.00,""2,456.58"",,,"
"44443,22/01/2019,LA MOLINA,2019,1,1,""6,232.64"",0.00,""6,232.64"",,,"
"46141,14/01/2019,SANTIAGO DE SURCO,2019,1,1,""5,807.93"",0.00,""5,807.93"",,,"
"49051,23/01/2019,SAN ISIDRO,2019,1,1,""3,490,145.23"",0.00,""3,490,145.23"",,,"
"49075,23/01/2019,SANTA ROSA,2016,12,1,""2,302.81"",670.85,""2,973.66"",,,"
"50314,24/01/2019,SAN ISIDRO,2019,1,1,""3,745.80"",0.00,""3,745.80"",,,"
"50800,31/01/2019,SAN ISIDRO,2019,1,2,""12,430.42"",0.00,""12,430.42"",,,"
56990,28/01/2019,MIRAFLORES,2009,9,1,111.20,688.80,800.00,,,
"61140,08/01/2019,SAN MARTIN DE PORRES,2018,12,1,""12,605.70"",0.00,""12,605.70"",,,"
"61252,05/01/2019,MIRAFLORES,2018,12,3,""21,427.50"",0.00,""21,427.50"",,,"
"64650,30/01/2019,LIMA,2018,12,4,""31,286.40"",0.00,""31,286.40"",,,"
69482,31/01/2019,SAN ISIDRO,2016,10,1,0.00,0.00,0.00,,,
"75670,08/01/2019,LA MOLINA,2018,11,5,""32,430.29"",103.78,""32,534.07"",,,"
"75822,08/01/2019,SAN BORJA,2018,12,1,""1,807.84"",0.00,""1,807.84"",,,"
"76956,11/01/2019,SANTIAGO DE SURCO,2018,11,1,""55,303.80"",243.34,""55,547.14"",,,"
"77076,17/01/2019,SANTA MARIA DEL MAR,2018,12,1,""19,770.60"",0.00,""19,770.60"",,,"
"77437,31/01/2019,LURIN,2018,5,2,""33,018.84"",""2,866.03"",""35,884.87"",,,"
"84189,02/01/2019,SAN BARTOLO,2018,12,1,""1,443.92"",0.00,""1,443.92"",,,"
"87446,31/01/2019,PUCUSANA,2012,9,1,0.00,""1,022.24"",""1,022.24"",,,"
"90728,03/01/2019,COMAS,2018,12,1,""2,476.96"",0.00,""2,476.96"",,,"
"91564,12/01/2019,SAN BORJA,2018,12,1,""23,850.00"",0.00,""23,850.00"",,,"
"100553,23/01/2019,MIRAFLORES,2019,1,1,""238,500.00"",0.00,""238,500.00"",,,"
101242,21/01/2019,LURIGANCHO,2019,1,1,580.87,0.00,580.87,,,
"151768,15/01/2019,PUEBLO LIBRE,2019,1,2,""78,714.90"",0.00,""78,714.90"",,,"
"156816,18/01/2019,SANTA MARIA DEL MAR,2018,12,1,""19,770.60"",0.00,""19,770.60"",,,"
"157237,28/01/2019,ANCON,2018,12,4,""1,011,555.00"",0.00,""1,011,555.00"",,,"
"158026,28/01/2019,LURIGANCHO,2018,12,1,""1,275.00"",0.00,""1,275.00"",,,"
"165710,23/01/2019,LA VICTORIA,2017,10,1,""2,662.95"",451.21,""3,114.16"",,,"
"167098,25/01/2019,BARRANCO,2018,12,1,""9,702.96"",0.00,""9,702.96"",,,"
"169878,17/01/2019,SAN ISIDRO,2019,1,1,""29,301.00"",0.00,""29,301.00"",,,"
"172034,08/01/2019,SANTIAGO DE SURCO,2018,11,2,""54,508.50"",174.43,""54,682.93"",,,"
"173044,30/01/2019,BARRANCO,2019,1,1,""49,869.25"",0.00,""49,869.25"",,,"
"173325,31/01/2019,LA MOLINA,2019,1,2,""29,592.00"",0.00,""29,592.00"",,,"
"175783,15/01/2019,SANTIAGO DE SURCO,2019,1,3,""57,637.60"",0.00,""57,637.60"",,,"
"181067,29/01/2019,CHORRILLOS,2018,12,1,""74,580.00"",0.00,""74,580.00"",,,"
"181217,10/01/2019,SAN ISIDRO,2018,12,1,""7,226.25"",0.00,""7,226.25"",,,"
184640,03/01/2019,SAN JUAN DE MIRAFLORES,2018,12,1,536.91,0.00,536.91,,,
"192415,04/01/2019,SAN ISIDRO,2018,10,1,""4,461.87"",62.47,""4,524.34"",,,"
"196922,29/01/2019,VILLA MARIA DEL TRIUNFO,2019,1,1,""11,820.60"",0.00,""11,820.60"",,,"
198327,22/01/2019,COMAS,2019,1,1,30.75,0.00,30.75,,,
"198938,09/01/2019,PUEBLO LIBRE,2018,12,1,""10,988.10"",0.00,""10,988.10"",,,"
"203497,14/01/2019,COMAS,2018,12,1,""39,195.00"",0.00,""39,195.00"",,,"
"215447,30/01/2019,MAGDALENA DEL MAR,2019,1,1,""6,705.60"",0.00,""6,705.60"",,,"
"217014,08/01/2019,CHORRILLOS,2018,12,1,""212,827.50"",0.00,""212,827.50"",,,"
"220545,04/01/2019,LA MOLINA,2018,12,1,""28,632.60"",0.00,""28,632.60"",,,"
"220545,04/01/2019,LIMA,2018,12,1,""53,952.60"",0.00,""53,952.60"",,,"
"220545,30/01/2019,SANTIAGO DE SURCO,2019,1,1,""16,803.00"",0.00,""16,803.00"",,,"
"222773,31/01/2019,LIMA,2019,1,3,""26,460.00"",0.00,""26,460.00"",,,"
"224650,09/01/2019,LOS OLIVOS,2018,12,2,""5,453.66"",0.00,""5,453.66"",,,"
"224650,30/01/2019,ATE,2018,12,1,""4,091.34"",0.00,""4,091.34"",,,"
"224650,30/01/2019,LA VICTORIA,2018,12,1,""4,909.20"",0.00,""4,909.20"",,,"
"224650,30/01/2019,LOS OLIVOS,2018,12,1,""1,330.90"",0.00,""1,330.90"",,,"
"231891,09/01/2019,LA VICTORIA,2018,12,1,""8,998.86"",0.00,""8,998.86"",,,"
234368,03/01/2019,MIRAFLORES,2018,4,1,367.92,31.93,399.85,,,
"235602,28/01/2019,MIRAFLORES,2018,12,2,""19,851.00"",0.00,""19,851.00"",,,"
"235904,07/01/2019,LA MOLINA,2018,12,1,""10,412.55"",0.00,""10,412.55"",,,"
"236973,04/01/2019,LA MOLINA,2018,12,1,""34,658.82"",0.00,""34,658.82"",,,"
"244243,15/01/2019,LOS OLIVOS,2018,12,2,""8,865.00"",0.00,""8,865.00"",,,"
"244419,21/01/2019,SURQUILLO,2018,12,1,""11,355.00"",0.00,""11,355.00"",,,"
"245362,31/01/2019,SAN ISIDRO,2018,11,1,""40,895.55"",507.10,""41,402.65"",,,"
"247599,15/01/2019,LA VICTORIA,2017,4,1,""1,635.00"",388.48,""2,023.48"",,,"
"248209,02/01/2019,SANTIAGO DE SURCO,2017,5,1,""22,226.54"",""4,898.73"",""27,125.27"",,,"
"251720,10/01/2019,SAN BORJA,2018,12,1,""7,878.30"",0.00,""7,878.30"",,,"
"255336,25/01/2019,SANTIAGO DE SURCO,2018,12,2,""31,649.40"",0.00,""31,649.40"",,,"
"258491,25/01/2019,SAN JUAN DE MIRAFLORES,2019,1,1,""15,503.46"",0.00,""15,503.46"",,,"
"259567,24/01/2019,JESUS MARIA,2019,1,1,""5,662.93"",0.00,""5,662.93"",,,"
"261237,10/01/2019,SANTA ROSA,2015,8,1,900.71,431.62,""1,332.33"",,,"
"261237,10/01/2019,SANTA ROSA,2015,9,1,856.23,400.03,""1,256.26"",,,"
"264999,09/01/2019,SANTIAGO DE SURCO,2018,12,1,""10,919.40"",0.00,""10,919.40"",,,"
"272124,10/01/2019,SANTIAGO DE SURCO,2018,12,4,""25,403.25"",0.00,""25,403.25"",,,"
273661,08/01/2019,VILLA MARIA DEL TRIUNFO,2018,12,1,981.00,0.00,981.00,,,
"274661,23/01/2019,SANTIAGO DE SURCO,2019,1,1,""17,438.13"",0.00,""17,438.13"",,,"
"278612,10/01/2019,MIRAFLORES,2018,12,1,""56,636.52"",0.00,""56,636.52"",,,"
"278874,21/01/2019,SAN JUAN DE MIRAFLORES,2018,12,1,""13,816.50"",0.00,""13,816.50"",,,"
"283101,24/01/2019,SAN BORJA,2019,1,1,""20,737.80"",0.00,""20,737.80"",,,"
"285500,23/01/2019,SAN BORJA,2019,1,2,""10,467.00"",0.00,""10,467.00"",,,"
"286053,17/01/2019,RIMAC,2018,12,1,""2,607.06"",0.00,""2,607.06"",,,"
"286803,31/01/2019,MIRAFLORES,2019,1,1,""23,701.20"",0.00,""23,701.20"",,,"
290333,11/01/2019,MIRAFLORES,2019,1,1,455.91,0.00,455.91,,,
291861,12/01/2019,PACHACAMAC,2016,12,1,746.42,212.28,958.70,,,
"293252,18/01/2019,MIRAFLORES,2018,12,1,""22,982.43"",0.00,""22,982.43"",,,"
"294671,09/01/2019,SAN MIGUEL,2018,12,1,""1,797.11"",0.00,""1,797.11"",,,"
297305,14/01/2019,PUEBLO LIBRE,2018,12,1,206.00,0.00,206.00,,,
"299771,24/01/2019,SANTIAGO DE SURCO,2018,12,2,""11,918.22"",0.00,""11,918.22"",,,"
"301947,24/01/2019,COMAS,2019,1,1,""3,747.00"",0.00,""3,747.00"",,,"
302656,17/01/2019,LA VICTORIA,2017,3,1,217.89,54.82,272.71,,,
"304567,18/01/2019,LINCE,2018,12,1,""5,109.94"",0.00,""5,109.94"",,,"
"305158,31/01/2019,CARABAYLLO,2014,12,1,""2,425.29"",""1,430.43"",""3,855.72"",,,"
305341,18/01/2019,LIMA,2019,1,1,879.93,0.00,879.93,,,
"305421,24/01/2019,SURQUILLO,2018,12,13,""124,279.09"",0.00,""124,279.09"",,,"
"310423,11/01/2019,LINCE,2018,12,1,""2,299.80"",0.00,""2,299.80"",,,"
310565,21/01/2019,LURIGANCHO,2018,12,1,782.40,0.00,782.40,,,
"316646,30/01/2019,LURIGANCHO,2018,12,1,""2,866.55"",0.00,""2,866.55"",,,"
"319202,17/01/2019,LURIN,2019,1,2,""117,468.00"",0.00,""117,468.00"",,,"
"321639,25/01/2019,SURQUILLO,2018,6,2,""15,452.40"",""1,100.21"",""16,552.61"",,,"
"321839,14/01/2019,PUNTA NEGRA,2018,12,1,""3,506.70"",0.00,""3,506.70"",,,"
323202,07/01/2019,LIMA,2019,1,1,240.00,0.00,240.00,,,
324548,10/01/2019,ATE,2018,12,1,855.00,0.00,855.00,,,
"326174,21/01/2019,BRE„A,2018,12,1,""4,499.76"",0.00,""4,499.76"",,,"
"326294,04/01/2019,BRE„A,2018,12,1,""21,195.00"",0.00,""21,195.00"",,,"
"327452,25/01/2019,SANTIAGO DE SURCO,2019,1,1,""1,620.00"",0.00,""1,620.00"",,,"
"327554,15/01/2019,LURIN,2018,12,1,""6,355.05"",0.00,""6,355.05"",,,"
"330085,25/01/2019,LIMA,2019,1,1,""8,118.00"",0.00,""8,118.00"",,,"
"357134,03/01/2019,PUENTE PIEDRA,2018,12,1,""5,579.61"",0.00,""5,579.61"",,,"
"358314,04/01/2019,SANTIAGO DE SURCO,2018,12,1,""17,498.22"",0.00,""17,498.22"",,,"
"359566,24/01/2019,LA MOLINA,2019,1,1,""93,873.00"",0.00,""93,873.00"",,,"
"368202,10/01/2019,SAN ISIDRO,2018,12,1,""2,805.00"",0.00,""2,805.00"",,,"
"368900,10/01/2019,LOS OLIVOS,2018,12,2,""13,965.00"",0.00,""13,965.00"",,,"
369667,23/01/2019,MIRAFLORES,2018,12,3,440.51,0.00,440.51,,,
"371909,09/01/2019,PACHACAMAC,2018,12,1,""2,293.50"",0.00,""2,293.50"",,,"
"372564,02/01/2019,LIMA,2018,11,1,""36,261.90"",29.01,""36,290.91"",,,"
"374452,04/01/2019,SAN JUAN DE MIRAFLORES,2018,12,1,""5,073.75"",0.00,""5,073.75"",,,"
"375418,29/01/2019,JESUS MARIA,2018,12,3,""39,873.90"",0.00,""39,873.90"",,,"
"380586,28/01/2019,SAN MARTIN DE PORRES,2019,1,1,""1,743.30"",0.00,""1,743.30"",,,"
"384046,12/01/2019,LIMA,2018,9,1,""326,049.00"",""9,520.64"",""335,569.64"",,,"
"385008,03/01/2019,ATE,2018,12,1,""1,623.37"",0.00,""1,623.37"",,,"
"385103,22/01/2019,MIRAFLORES,2019,1,3,""12,314.40"",0.00,""12,314.40"",,,"
"386645,25/01/2019,SANTIAGO DE SURCO,2019,1,1,""8,878.38"",0.00,""8,878.38"",,,"
409163,05/01/2019,COMAS,2018,12,1,255.00,0.00,255.00,,,
"409452,11/01/2019,MIRAFLORES,2018,12,1,""2,601.74"",0.00,""2,601.74"",,,"
415427,22/01/2019,LA VICTORIA,2018,5,1,717.00,59.65,776.65,,,
"420278,30/01/2019,VILLA EL SALVADOR,2019,1,1,""4,833.41"",0.00,""4,833.41"",,,"
"439319,15/01/2019,SAN MIGUEL,2019,1,1,""4,158.34"",0.00,""4,158.34"",,,"
443718,11/01/2019,VILLA EL SALVADOR,2018,12,1,780.00,0.00,780.00,,,
"452265,03/01/2019,SAN ISIDRO,2018,12,1,""8,731.08"",0.00,""8,731.08"",,,"
"510803,02/01/2019,LIMA,2018,12,1,""7,348.50"",0.00,""7,348.50"",,,"
"516216,17/01/2019,LIMA,2019,1,1,""11,738.70"",0.00,""11,738.70"",,,"
"526146,28/01/2019,LA MOLINA,2011,4,1,570.00,638.18,""1,208.18"",,,"
"601678,23/01/2019,LA MOLINA,2019,1,1,""44,248.50"",0.00,""44,248.50"",,,"
603281,17/01/2019,BARRANCO,2018,12,1,326.27,0.00,326.27,,,
"605055,11/01/2019,SANTIAGO DE SURCO,2018,12,1,""4,325.40"",0.00,""4,325.40"",,,"
"606294,25/01/2019,SANTIAGO DE SURCO,2019,1,1,""4,620.00"",0.00,""4,620.00"",,,"
620847,09/01/2019,CIENEGUILLA,2018,12,1,633.75,0.00,633.75,,,
"625668,21/01/2019,CARABAYLLO,2012,12,1,""1,637.38"",""1,428.45"",""3,065.83"",,,"
"628359,31/01/2019,SANTIAGO DE SURCO,2019,1,1,""15,373.20"",0.00,""15,373.20"",,,"
"630729,21/01/2019,MIRAFLORES,2018,12,1,""4,126.28"",0.00,""4,126.28"",,,"
"635476,31/01/2019,MAGDALENA DEL MAR,2019,1,1,""11,824.50"",0.00,""11,824.50"",,,"
"638012,12/01/2019,SANTIAGO DE SURCO,2019,1,1,""8,769.00"",0.00,""8,769.00"",,,"
"640527,15/01/2019,MAGDALENA DEL MAR,2018,12,1,""9,702.96"",0.00,""9,702.96"",,,"
"641198,16/01/2019,SANTIAGO DE SURCO,2019,1,1,""1,890.00"",0.00,""1,890.00"",,,"
"642533,21/01/2019,CHORRILLOS,2018,11,2,""13,695.60"",115.04,""13,810.64"",,,"
642693,05/01/2019,SAN MIGUEL,2018,12,1,363.83,0.00,363.83,,,
"642975,14/01/2019,SURQUILLO,2018,12,6,""11,740.02"",0.00,""11,740.02"",,,"
"643034,18/01/2019,SAN ISIDRO,2018,12,1,""66,726.82"",0.00,""66,726.82"",,,"
"643514,30/01/2019,SANTIAGO DE SURCO,2018,12,1,""98,901.75"",0.00,""98,901.75"",,,"
"643740,04/01/2019,VILLA EL SALVADOR,2018,12,1,""26,834.55"",0.00,""26,834.55"",,,"
"647361,29/01/2019,CARABAYLLO,2019,1,1,""1,148.40"",0.00,""1,148.40"",,,"
"648610,09/01/2019,MIRAFLORES,2018,12,1,""23,857.50"",0.00,""23,857.50"",,,"
"649072,11/01/2019,JESUS MARIA,2019,1,1,""5,760.30"",0.00,""5,760.30"",,,"
"649201,05/01/2019,VILLA EL SALVADOR,2018,12,1,""39,267.00"",0.00,""39,267.00"",,,"
"651970,23/01/2019,SANTIAGO DE SURCO,2019,1,1,""29,130.00"",0.00,""29,130.00"",,,"
"653410,24/01/2019,SANTIAGO DE SURCO,2019,1,1,""1,590.00"",0.00,""1,590.00"",,,"
"656612,05/01/2019,SAN BORJA,2018,8,1,""17,001.60"",673.26,""17,674.86"",,,"
"657897,09/01/2019,MIRAFLORES,2018,12,1,""46,356.60"",0.00,""46,356.60"",,,"
660283,17/01/2019,MIRAFLORES,2019,1,1,339.84,0.00,339.84,,,
665070,31/01/2019,MAGDALENA DEL MAR,2019,1,1,809.45,0.00,809.45,,,
"665903,18/01/2019,SAN MARTIN DE PORRES,2019,1,1,""1,440.00"",0.00,""1,440.00"",,,"
"666449,22/01/2019,SANTIAGO DE SURCO,2019,1,1,""6,732.00"",0.00,""6,732.00"",,,"
670565,09/01/2019,COMAS,2018,12,1,624.03,0.00,624.03,,,
"670658,31/01/2019,SAN BORJA,2018,11,6,""42,216.02"",523.46,""42,739.48"",,,"
"672507,28/01/2019,SAN JUAN DE LURIGANCHO,2018,12,1,""8,779.07"",0.00,""8,779.07"",,,"
"675872,30/01/2019,BARRANCO,2019,1,2,""49,869.25"",0.00,""49,869.25"",,,"
"677667,05/01/2019,MIRAFLORES,2019,1,2,""13,608.00"",0.00,""13,608.00"",,,"
"679557,11/01/2019,LA MOLINA,2018,12,5,""79,863.00"",0.00,""79,863.00"",,,"
"681079,28/01/2019,JESUS MARIA,2017,8,1,""5,147.67"",""1,000.70"",""6,148.37"",,,"
681501,31/01/2019,SAN JUAN DE LURIGANCHO,2015,3,1,0.00,0.00,0.00,,,
684382,30/01/2019,LA VICTORIA,2018,12,1,77.25,0.00,77.25,,,
"687568,08/01/2019,MIRAFLORES,2018,12,2,""23,351.70"",0.00,""23,351.70"",,,"
"687643,08/01/2019,LOS OLIVOS,2018,12,1,""23,436.30"",0.00,""23,436.30"",,,"
"688363,29/01/2019,LIMA,2019,1,1,""1,911.00"",0.00,""1,911.00"",,,"
"691810,04/01/2019,SANTIAGO DE SURCO,2019,1,1,""13,909.50"",0.00,""13,909.50"",,,"
692695,12/01/2019,VILLA EL SALVADOR,2019,1,1,990.00,0.00,990.00,,,
692695,23/01/2019,VILLA MARIA DEL TRIUNFO,2018,12,1,765.00,0.00,765.00,,,
"694055,23/01/2019,LURIN,2018,1,1,""18,057.00"",""2,376.30"",""20,433.30"",,,"
"695524,28/01/2019,CARABAYLLO,2012,12,1,""1,475.40"",""1,291.27"",""2,766.67"",,,"
695982,07/01/2019,COMAS,2018,12,1,391.65,0.00,391.65,,,
"696588,09/01/2019,SANTIAGO DE SURCO,2018,12,2,""2,198.80"",0.00,""2,198.80"",,,"
"697872,31/01/2019,SAN MARTIN DE PORRES,2019,1,1,""23,220.62"",0.00,""23,220.62"",,,"
"698362,09/01/2019,MIRAFLORES,2018,12,1,""28,842.00"",0.00,""28,842.00"",,,"
"700807,04/01/2019,SAN MARTIN DE PORRES,2018,12,1,""10,919.40"",0.00,""10,919.40"",,,"
702519,04/01/2019,SAN JUAN DE LURIGANCHO,2019,1,1,868.62,0.00,868.62,,,
"704206,26/01/2019,LOS OLIVOS,2018,10,1,""2,745.00"",62.59,""2,807.59"",,,"
"704533,10/01/2019,SAN BORJA,2018,12,1,""17,996.34"",0.00,""17,996.34"",,,"
"705894,31/01/2019,MAGDALENA DEL MAR,2019,1,1,""6,840.00"",0.00,""6,840.00"",,,"
706433,02/01/2019,LIMA,2018,12,1,777.00,0.00,777.00,,,
"707714,02/01/2019,SAN BORJA,2018,12,1,""29,956.50"",0.00,""29,956.50"",,,"
"708080,04/01/2019,SANTIAGO DE SURCO,2018,12,4,""26,970.46"",0.00,""26,970.46"",,,"
"708660,10/01/2019,COMAS,2018,12,1,""190,767.30"",0.00,""190,767.30"",,,"
"709040,14/01/2019,SANTIAGO DE SURCO,2018,12,1,""59,145.00"",0.00,""59,145.00"",,,"
709817,15/01/2019,LIMA,2018,12,1,183.00,0.00,183.00,,,
"712186,21/01/2019,CARABAYLLO,2014,2,1,""1,833.60"",""1,288.65"",""3,122.25"",,,"
"713503,30/01/2019,ATE,2019,1,4,""1,411.20"",0.00,""1,411.20"",,,"
"716079,14/01/2019,LIMA,2018,12,1,""1,077.48"",0.00,""1,077.48"",,,"
"716088,17/01/2019,SAN JUAN DE LURIGANCHO,2018,12,1,""11,055.00"",0.00,""11,055.00"",,,"
"716507,10/01/2019,CHORRILLOS,2019,1,1,""9,804.90"",0.00,""9,804.90"",,,"
"716790,11/01/2019,PUNTA HERMOSA,2018,12,1,""4,335.02"",0.00,""4,335.02"",,,"
"719800,23/01/2019,MIRAFLORES,2018,10,6,""78,227.14"",""1,689.74"",""79,916.88"",,,"
721407,04/01/2019,LURIGANCHO,2018,12,1,979.20,0.00,979.20,,,
"721509,09/01/2019,LOS OLIVOS,2018,12,1,""1,800.57"",0.00,""1,800.57"",,,"
"721692,09/01/2019,BARRANCO,2018,12,1,""15,987.90"",0.00,""15,987.90"",,,"
"723732,12/01/2019,CARABAYLLO,2018,8,1,""1,892.98"",80.27,""1,973.25"",,,"
"724739,04/01/2019,SAN ISIDRO,2018,12,1,""56,484.85"",0.00,""56,484.85"",,,"
726127,16/01/2019,LA VICTORIA,2019,1,1,144.90,0.00,144.90,,,
"726906,12/01/2019,LIMA,2019,1,2,""3,024.00"",0.00,""3,024.00"",,,"
"727872,05/01/2019,SAN BORJA,2018,12,2,""28,906.80"",0.00,""28,906.80"",,,"
728332,19/01/2019,SANTIAGO DE SURCO,2018,12,2,330.72,0.00,330.72,,,
"729412,16/01/2019,SAN BARTOLO,2018,12,1,""1,755.00"",0.00,""1,755.00"",,,"
"729861,25/01/2019,SANTIAGO DE SURCO,2018,12,1,""32,724.60"",0.00,""32,724.60"",,,"
"730623,18/01/2019,SANTIAGO DE SURCO,2018,12,1,""2,026.86"",0.00,""2,026.86"",,,"
"731757,19/01/2019,PACHACAMAC,2019,1,1,""2,565.00"",0.00,""2,565.00"",,,"
"732557,15/01/2019,ATE,2018,11,1,""29,166.00"",175.00,""29,341.00"",,,"
"733108,21/01/2019,CHORRILLOS,2018,12,3,""54,459.00"",0.00,""54,459.00"",,,"
"733752,25/01/2019,SAN ISIDRO,2019,1,1,""6,240.00"",0.00,""6,240.00"",,,"
"737226,25/01/2019,SANTIAGO DE SURCO,2019,1,1,""8,850.00"",0.00,""8,850.00"",,,"
"737635,03/01/2019,SANTIAGO DE SURCO,2018,12,3,""7,128.06"",0.00,""7,128.06"",,,"
"737703,17/01/2019,PUEBLO LIBRE,2018,11,4,""3,621.16"",24.64,""3,645.80"",,,"
741489,30/01/2019,SANTIAGO DE SURCO,2019,1,1,496.13,0.00,496.13,,,
"743685,23/01/2019,SANTIAGO DE SURCO,2018,11,1,""1,255.00"",11.55,""1,266.55"",,,"
"745976,07/01/2019,MIRAFLORES,2018,12,1,""15,780.06"",0.00,""15,780.06"",,,"
746360,25/01/2019,PUEBLO LIBRE,2019,1,1,419.40,0.00,419.40,,,
"746877,28/01/2019,SANTIAGO DE SURCO,2019,1,2,""17,106.75"",0.00,""17,106.75"",,,"
"748653,12/01/2019,LA VICTORIA,2018,1,1,""58,227.63"",""7,406.55"",""65,634.18"",,,"
"748731,26/01/2019,MAGDALENA DEL MAR,2018,12,1,""10,919.40"",0.00,""10,919.40"",,,"
"749163,25/01/2019,LURIN,2018,12,2,""2,333.94"",0.00,""2,333.94"",,,"
"750979,04/01/2019,SANTIAGO DE SURCO,2019,1,1,""20,495.85"",0.00,""20,495.85"",,,"
752675,31/01/2019,CARABAYLLO,2013,9,1,0.00,509.41,509.41,,,
"752778,14/01/2019,CARABAYLLO,2018,12,1,""1,121.96"",0.00,""1,121.96"",,,"
"753012,23/01/2019,SURQUILLO,2019,1,3,""9,493.20"",0.00,""9,493.20"",,,"
"753560,09/01/2019,MIRAFLORES,2018,12,10,""2,661.00"",0.00,""2,661.00"",,,"
"755454,09/01/2019,BRE„A,2002,1,1,935.61,""4,569.57"",""5,505.18"",,,"
"756033,12/01/2019,SAN BORJA,2018,12,1,""14,839.80"",0.00,""14,839.80"",,,"
"756082,24/01/2019,PUEBLO LIBRE,2018,12,7,""40,158.44"",0.00,""40,158.44"",,,"
761131,31/01/2019,SAN JUAN DE LURIGANCHO,2019,1,1,240.00,0.00,240.00,,,
761315,30/01/2019,BARRANCO,2019,1,2,180.77,0.00,180.77,,,
"762688,07/01/2019,SANTIAGO DE SURCO,2018,12,1,""32,613.45"",0.00,""32,613.45"",,,"
"763905,23/01/2019,LA VICTORIA,2016,12,1,""1,353.75"",390.96,""1,744.71"",,,"
"765512,19/01/2019,JESUS MARIA,2019,1,2,""17,136.00"",0.00,""17,136.00"",,,"
"766567,17/01/2019,SAN MARTIN DE PORRES,2019,1,1,""1,439.73"",0.00,""1,439.73"",,,"
"766699,24/01/2019,SAN BORJA,2019,1,3,""174,615.00"",0.00,""174,615.00"",,,"
"766910,31/01/2019,PUNTA HERMOSA,2018,12,1,""21,056.40"",0.00,""21,056.40"",,,"
"767263,02/01/2019,MIRAFLORES,2018,12,2,""14,574.60"",0.00,""14,574.60"",,,"
"767675,19/01/2019,CARABAYLLO,2015,1,1,""1,351.39"",768.67,""2,120.06"",,,"
"770618,25/01/2019,SAN JUAN DE LURIGANCHO,2018,12,1,""3,933.88"",0.00,""3,933.88"",,,"
"770957,07/01/2019,SANTIAGO DE SURCO,2019,1,1,""2,195.94"",0.00,""2,195.94"",,,"
771095,21/01/2019,ATE,2018,12,1,834.14,0.00,834.14,,,
"771945,08/01/2019,SAN JUAN DE MIRAFLORES,2018,12,5,""11,013.00"",0.00,""11,013.00"",,,"
"774362,28/01/2019,CARABAYLLO,2017,12,2,""2,101.64"",304.32,""2,405.96"",,,"
"777252,09/01/2019,PUEBLO LIBRE,2018,12,2,""2,563.50"",0.00,""2,563.50"",,,"
"777252,14/01/2019,PUEBLO LIBRE,2018,12,2,""3,739.54"",0.00,""3,739.54"",,,"
"777690,21/01/2019,SANTIAGO DE SURCO,2018,12,2,""26,126.85"",0.00,""26,126.85"",,,"
"777978,31/01/2019,CARABAYLLO,2014,2,2,""6,413.66"",""4,533.18"",""10,946.84"",,,"
"780241,29/01/2019,VILLA MARIA DEL TRIUNFO,2018,12,1,""4,044.49"",0.00,""4,044.49"",,,"
785311,09/01/2019,LURIGANCHO,2016,6,1,263.50,94.44,357.94,,,
"786652,18/01/2019,SANTIAGO DE SURCO,2018,10,1,""5,498.25"",107.77,""5,606.02"",,,"
"786833,31/01/2019,COMAS,2018,12,1,""3,780.00"",0.00,""3,780.00"",,,"
787271,05/01/2019,LIMA,2018,12,1,390.01,0.00,390.01,,,
"796708,31/01/2019,CARABAYLLO,2012,12,1,""1,431.60"",""1,293.04"",""2,724.64"",,,"
801874,10/01/2019,LIMA,2019,1,1,750.00,0.00,750.00,,,
802174,31/01/2019,SANTA MARIA DEL MAR,2018,12,1,14.25,0.00,14.25,,,
802478,11/01/2019,SAN JUAN DE LURIGANCHO,2018,11,1,76.40,0.34,76.74,,,
"802576,30/01/2019,SAN BORJA,2019,1,1,""14,364.00"",0.00,""14,364.00"",,,"
805021,21/01/2019,PUENTE PIEDRA,2018,9,1,243.60,7.99,251.59,,,
"806273,07/01/2019,SANTIAGO DE SURCO,2018,12,3,""47,657.70"",0.00,""47,657.70"",,,"
"806740,07/01/2019,PUNTA HERMOSA,2018,12,1,""14,974.20"",0.00,""14,974.20"",,,"
"808405,10/01/2019,LA MOLINA,2018,11,1,""21,003.60"",84.01,""21,087.61"",,,"
"810936,15/01/2019,LA VICTORIA,2019,1,1,""5,884.51"",0.00,""5,884.51"",,,"
"815270,14/01/2019,LA VICTORIA,2019,1,3,""19,355.70"",0.00,""19,355.70"",,,"
"817270,16/01/2019,SAN JUAN DE LURIGANCHO,2018,12,2,""78,534.00"",0.00,""78,534.00"",,,"
818796,16/01/2019,LURIGANCHO,2017,3,1,41.31,10.37,51.68,,,
"823363,21/01/2019,SAN MIGUEL,2018,12,3,""19,580.11"",0.00,""19,580.11"",,,"
"826179,04/01/2019,SANTIAGO DE SURCO,2018,12,1,""8,400.60"",0.00,""8,400.60"",,,"
"827952,25/01/2019,SURQUILLO,2018,12,1,""1,086.51"",0.00,""1,086.51"",,,"
829144,04/01/2019,LA VICTORIA,2018,12,2,649.68,0.00,649.68,,,
"830523,23/01/2019,SAN BORJA,2018,12,2,""30,876.00"",0.00,""30,876.00"",,,"
"831990,17/01/2019,SANTIAGO DE SURCO,2018,10,2,""3,507.60"",67.36,""3,574.96"",,,"
"833277,24/01/2019,COMAS,2019,1,1,""3,747.00"",0.00,""3,747.00"",,,"
"836345,16/01/2019,SANTIAGO DE SURCO,2018,12,1,""13,960.50"",0.00,""13,960.50"",,,"
"838389,07/01/2019,SAN JUAN DE MIRAFLORES,2018,12,5,""23,403.60"",0.00,""23,403.60"",,,"
"839816,15/01/2019,SAN BORJA,2018,12,2,""7,551.00"",0.00,""7,551.00"",,,"
"840186,03/01/2019,SANTIAGO DE SURCO,2018,12,2,""13,397.56"",0.00,""13,397.56"",,,"
"840409,19/01/2019,SANTIAGO DE SURCO,2018,12,1,""18,562.28"",0.00,""18,562.28"",,,"
"840410,26/01/2019,SANTIAGO DE SURCO,2019,1,4,""34,620.30"",0.00,""34,620.30"",,,"
840537,03/01/2019,LA MOLINA,2018,12,1,855.00,0.00,855.00,,,
"843712,16/01/2019,SAN JUAN DE MIRAFLORES,2018,12,1,""4,517.70"",0.00,""4,517.70"",,,"
"844683,29/01/2019,SAN JUAN DE MIRAFLORES,2019,1,2,""16,546.50"",0.00,""16,546.50"",,,"
"844794,14/01/2019,MIRAFLORES,2019,1,1,""5,319.02"",0.00,""5,319.02"",,,"
"845041,23/01/2019,SANTIAGO DE SURCO,2018,11,1,""1,255.00"",11.55,""1,266.55"",,,"
"845045,23/01/2019,SANTIAGO DE SURCO,2018,11,1,""1,255.00"",11.55,""1,266.55"",,,"
"845522,17/01/2019,LIMA,2018,12,1,""1,080.30"",0.00,""1,080.30"",,,"
848049,29/01/2019,MIRAFLORES,2019,1,1,840.00,0.00,840.00,,,
"848543,09/01/2019,MAGDALENA DEL MAR,2018,12,2,""2,155.50"",0.00,""2,155.50"",,,"
"849003,28/01/2019,SANTIAGO DE SURCO,2018,12,1,""34,696.05"",0.00,""34,696.05"",,,"
"849269,12/01/2019,LA MOLINA,2018,12,1,""2,556.38"",0.00,""2,556.38"",,,"
"851069,17/01/2019,LIMA,2018,11,4,""25,299.45"",172.02,""25,471.47"",,,"
"854496,02/01/2019,VILLA EL SALVADOR,2018,12,1,""26,834.55"",0.00,""26,834.55"",,,"
"854541,29/01/2019,MIRAFLORES,2019,1,2,""10,529.40"",0.00,""10,529.40"",,,"
"854900,28/01/2019,LURIN,2019,1,1,""6,466.95"",0.00,""6,466.95"",,,"
855684,11/01/2019,SANTIAGO DE SURCO,2018,12,1,852.55,0.00,852.55,,,
"856710,14/01/2019,VILLA MARIA DEL TRIUNFO,2018,12,1,""3,780.00"",0.00,""3,780.00"",,,"
"857477,18/01/2019,CARABAYLLO,2013,4,2,""7,321.11"",""6,026.74"",""13,347.85"",,,"
"857484,17/01/2019,CARABAYLLO,2013,4,2,""7,321.11"",""6,023.81"",""13,344.92"",,,"
"859317,10/01/2019,SANTA ROSA,2015,8,1,900.71,431.62,""1,332.33"",,,"
"860153,09/01/2019,CARABAYLLO,2018,10,1,""1,290.00"",20.64,""1,310.64"",,,"
"860410,24/01/2019,JESUS MARIA,2019,1,1,""2,640.00"",0.00,""2,640.00"",,,"
862054,14/01/2019,PUEBLO LIBRE,2018,12,1,206.00,0.00,206.00,,,
"862827,10/01/2019,PUEBLO LIBRE,2018,12,1,""15,255.00"",0.00,""15,255.00"",,,"
"864101,29/01/2019,SAN ISIDRO,2018,12,10,""52,500.95"",0.00,""52,500.95"",,,"
"864493,31/01/2019,SAN ISIDRO,2019,1,4,""28,164.60"",0.00,""28,164.60"",,,"
"865005,03/01/2019,MIRAFLORES,2018,12,1,""51,053.25"",0.00,""51,053.25"",,,"
"865244,21/01/2019,BRE„A,2019,1,1,""23,632.50"",0.00,""23,632.50"",,,"
"865821,04/01/2019,LA VICTORIA,2018,12,1,""2,293.50"",0.00,""2,293.50"",,,"
"868501,28/01/2019,SANTIAGO DE SURCO,2019,1,5,""78,283.01"",0.00,""78,283.01"",,,"
"869641,31/01/2019,SANTIAGO DE SURCO,2018,12,2,""9,795.52"",0.00,""9,795.52"",,,"
"869749,10/01/2019,LA MOLINA,2018,12,1,""19,513.62"",0.00,""19,513.62"",,,"
"871342,23/01/2019,BARRANCO,2019,1,2,""20,560.50"",0.00,""20,560.50"",,,"
"875193,08/01/2019,LA VICTORIA,2018,12,2,""2,574.00"",0.00,""2,574.00"",,,"
"875686,23/01/2019,JESUS MARIA,2019,1,1,""14,656.80"",0.00,""14,656.80"",,,"
"875771,28/01/2019,COMAS,2018,12,3,""361,546.35"",0.00,""361,546.35"",,,"
"876825,07/01/2019,SAN BORJA,2018,12,2,""43,939.50"",0.00,""43,939.50"",,,"
"877310,31/01/2019,MIRAFLORES,2018,8,1,""5,110.31"",87.90,""5,198.21"",,,"
"882190,29/01/2019,VILLA EL SALVADOR,2019,1,2,""15,041.26"",0.00,""15,041.26"",,,"
"882646,07/01/2019,SAN BORJA,2018,11,1,""23,793.39"",66.62,""23,860.01"",,,"
"884061,21/01/2019,SAN ISIDRO,2019,1,1,""14,820.00"",0.00,""14,820.00"",,,"
"884926,02/01/2019,LOS OLIVOS,2018,12,1,""8,784.00"",0.00,""8,784.00"",,,"
887101,21/01/2019,ATE,2018,12,1,82.61,0.00,82.61,,,
"888042,18/01/2019,SANTIAGO DE SURCO,2019,1,1,""28,890.00"",0.00,""28,890.00"",,,"
891540,17/01/2019,SAN JUAN DE LURIGANCHO,2018,12,1,66.14,0.00,66.14,,,
"891549,29/01/2019,LA MOLINA,2018,12,1,""40,755.00"",0.00,""40,755.00"",,,"
"892836,09/01/2019,COMAS,2018,3,1,""3,985.98"",404.98,""4,390.96"",,,"
"893766,18/01/2019,LIMA,2018,12,1,""3,135.00"",0.00,""3,135.00"",,,"
"894245,31/01/2019,LIMA,2018,12,10,""53,031.00"",0.00,""53,031.00"",,,"
895144,28/01/2019,LA VICTORIA,2018,12,1,56.66,0.00,56.66,,,
"895304,30/01/2019,LA MOLINA,2018,12,2,""15,150.00"",0.00,""15,150.00"",,,"
"897986,17/01/2019,BRE„A,2018,11,3,""9,972.92"",67.81,""10,040.73"",,,"
"898257,29/01/2019,JESUS MARIA,2019,1,1,""199,020.00"",0.00,""199,020.00"",,,"
"899326,04/01/2019,CHORRILLOS,2018,12,2,""2,100.21"",0.00,""2,100.21"",,,"
"899518,24/01/2019,PUENTE PIEDRA,2019,1,2,""4,990.50"",0.00,""4,990.50"",,,"
"902265,16/01/2019,LA MOLINA,2019,1,1,""1,773.90"",0.00,""1,773.90"",,,"
"903090,03/01/2019,SURQUILLO,2018,12,6,""460,908.00"",0.00,""460,908.00"",,,"
903363,21/01/2019,COMAS,2018,1,1,684.00,89.47,773.47,,,
"905015,11/01/2019,SAN BORJA,2018,12,3,""45,725.76"",0.00,""45,725.76"",,,"
"905619,31/01/2019,LA MOLINA,2016,9,1,63.43,""3,602.28"",""3,665.71"",,,"
"908134,18/01/2019,MIRAFLORES,2019,1,1,""22,237.65"",0.00,""22,237.65"",,,"
"909443,29/01/2019,SAN ISIDRO,2018,10,1,""836,043.30"",""20,065.04"",""856,108.34"",,,"
"910986,28/01/2019,MIRAFLORES,2018,12,3,""29,628.00"",0.00,""29,628.00"",,,"
"912270,02/01/2019,LA MOLINA,2018,12,1,""50,968.20"",0.00,""50,968.20"",,,"
"912599,17/01/2019,PUEBLO LIBRE,2018,7,1,""14,219.93"",790.63,""15,010.56"",,,"
"915745,28/01/2019,LIMA,2019,1,1,""3,757.50"",0.00,""3,757.50"",,,"
"916020,15/01/2019,LA VICTORIA,2019,1,1,""6,065.55"",0.00,""6,065.55"",,,"
"917733,08/01/2019,SANTIAGO DE SURCO,2018,12,2,""23,608.80"",0.00,""23,608.80"",,,"
"918530,30/01/2019,PUNTA NEGRA,2018,12,1,""9,310.65"",0.00,""9,310.65"",,,"
"919065,14/01/2019,SAN MIGUEL,2018,11,2,""52,298.40"",292.88,""52,591.28"",,,"
"919300,31/01/2019,SAN ISIDRO,2016,10,1,""40,122.30"",""25,178.95"",""65,301.25"",,,"
"921375,16/01/2019,VILLA MARIA DEL TRIUNFO,2019,1,1,""4,740.00"",0.00,""4,740.00"",,,"
922572,10/01/2019,LIMA,2018,5,1,377.94,29.63,407.57,,,
"924750,29/01/2019,SAN ISIDRO,2019,1,1,""26,436.60"",0.00,""26,436.60"",,,"
"924882,10/01/2019,SANTIAGO DE SURCO,2018,12,1,""1,905.00"",0.00,""1,905.00"",,,"
"924889,23/01/2019,SURQUILLO,2018,12,1,""15,936.90"",0.00,""15,936.90"",,,"
"926912,23/01/2019,MIRAFLORES,2018,12,7,""17,893.67"",0.00,""17,893.67"",,,"
"927812,17/01/2019,LIMA,2019,1,1,""11,776.40"",0.00,""11,776.40"",,,"
"935404,26/01/2019,JESUS MARIA,2019,1,1,""1,449.45"",0.00,""1,449.45"",,,"
"935586,09/01/2019,LA VICTORIA,2018,12,1,""15,828.09"",0.00,""15,828.09"",,,"
"936109,08/01/2019,SAN ISIDRO,2019,1,1,""7,793.10"",0.00,""7,793.10"",,,"
936436,29/01/2019,SANTIAGO DE SURCO,2016,12,1,892.30,59.70,952.00,,,
"936918,31/01/2019,MIRAFLORES,2018,12,1,""35,359.89"",0.00,""35,359.89"",,,"
"939821,14/01/2019,SAN JUAN DE MIRAFLORES,2018,12,1,""5,952.27"",0.00,""5,952.27"",,,"
"941542,24/01/2019,MAGDALENA DEL MAR,2018,12,1,""19,333.11"",0.00,""19,333.11"",,,"
"941910,25/01/2019,LIMA,2018,10,1,""3,258.60"",73.00,""3,331.60"",,,"
"943144,17/01/2019,LA MOLINA,2018,12,1,""5,379.84"",0.00,""5,379.84"",,,"
"943147,17/01/2019,LA MOLINA,2018,12,1,""5,379.84"",0.00,""5,379.84"",,,"
"943515,30/01/2019,CARABAYLLO,2013,1,1,704.40,609.16,""1,313.56"",,,"
"950503,14/01/2019,LIMA,2019,1,1,""10,376.85"",0.00,""10,376.85"",,,"
"950872,25/01/2019,LURIGANCHO,2018,12,1,""2,998.65"",0.00,""2,998.65"",,,"
"951452,12/01/2019,CARABAYLLO,2018,8,1,""1,892.98"",80.27,""1,973.25"",,,"
954140,26/01/2019,JESUS MARIA,2019,1,2,846.78,0.00,846.78,,,
954639,11/01/2019,SAN BORJA,2018,12,1,635.48,0.00,635.48,,,
"955012,25/01/2019,SAN ISIDRO,2019,1,1,""23,835.00"",0.00,""23,835.00"",,,"
"955373,29/01/2019,MAGDALENA DEL MAR,2019,1,1,""9,626.40"",0.00,""9,626.40"",,,"
955741,24/01/2019,INDEPENDENCIA,2018,11,1,518.74,4.98,523.72,,,
957051,31/01/2019,CARABAYLLO,2013,3,1,0.00,311.95,311.95,,,
"957145,03/01/2019,LA MOLINA,2018,12,1,""4,629.24"",0.00,""4,629.24"",,,"
"958525,31/01/2019,LIMA,2019,1,1,""3,771.00"",0.00,""3,771.00"",,,"
"960170,21/01/2019,ATE,2018,7,1,""6,737.90"",385.41,""7,123.31"",,,"
"961501,16/01/2019,SANTIAGO DE SURCO,2018,11,1,""2,314.94"",14.82,""2,329.76"",,,"
"961551,23/01/2019,SAN JUAN DE LURIGANCHO,2017,1,1,""4,173.20"",""1,344.64"",""5,517.84"",,,"
961551,31/01/2019,SAN JUAN DE LURIGANCHO,2017,1,1,635.26,2.15,637.41,,,
"962231,09/01/2019,LA VICTORIA,2018,11,1,""7,355.01"",26.48,""7,381.49"",,,"
"963394,30/01/2019,SAN ISIDRO,2019,1,1,""52,718.40"",0.00,""52,718.40"",,,"
"963398,16/01/2019,RIMAC,2018,12,2,""12,510.00"",0.00,""12,510.00"",,,"
"963583,07/01/2019,SAN JUAN DE MIRAFLORES,2019,1,3,""5,796.00"",0.00,""5,796.00"",,,"
"968808,31/01/2019,CHORRILLOS,2018,6,1,""4,812.00"",354.16,""5,166.16"",,,"
"969688,09/01/2019,LINCE,2018,12,1,""6,337.50"",0.00,""6,337.50"",,,"
"974732,25/01/2019,MIRAFLORES,2019,1,2,""28,022.70"",0.00,""28,022.70"",,,"
"975713,10/01/2019,PUEBLO LIBRE,2018,12,1,""9,642.60"",0.00,""9,642.60"",,,"
"977346,30/01/2019,MIRAFLORES,2019,1,4,""272,005.56"",0.00,""272,005.56"",,,"
"978681,21/01/2019,ATE,2018,12,1,""24,097.50"",0.00,""24,097.50"",,,"
"980137,28/01/2019,JESUS MARIA,2018,12,2,""32,895.00"",0.00,""32,895.00"",,,"
"981338,31/01/2019,LIMA,2011,1,1,0.00,""4,191.35"",""4,191.35"",,,"
"981508,29/01/2019,SANTIAGO DE SURCO,2019,1,1,""17,806.50"",0.00,""17,806.50"",,,"
"982260,08/01/2019,SANTIAGO DE SURCO,2018,12,1,""3,396.18"",0.00,""3,396.18"",,,"
"983401,11/01/2019,SANTIAGO DE SURCO,2019,1,3,""24,301.20"",0.00,""24,301.20"",,,"
987238,30/01/2019,LURIN,2019,1,1,420.00,0.00,420.00,,,
"989248,03/01/2019,SANTIAGO DE SURCO,2018,12,2,""29,076.00"",0.00,""29,076.00"",,,"
"989260,25/01/2019,SANTIAGO DE SURCO,2019,1,1,""9,771.90"",0.00,""9,771.90"",,,"
"990890,25/01/2019,SANTIAGO DE SURCO,2019,1,1,""22,737.60"",0.00,""22,737.60"",,,"
"993020,23/01/2019,LIMA,2019,1,3,""7,031.88"",0.00,""7,031.88"",,,"
"993518,22/01/2019,SAN JUAN DE LURIGANCHO,2018,11,1,""1,284.75"",11.31,""1,296.06"",,,"
"996274,02/01/2019,BRE„A,2018,12,1,""2,490.15"",0.00,""2,490.15"",,,"
"997336,11/01/2019,LA MOLINA,2018,12,5,""79,863.00"",0.00,""79,863.00"",,,"
"997453,05/01/2019,SAN LUIS,2018,12,1,""2,977.26"",0.00,""2,977.26"",,,"
"999278,02/01/2019,SAN BORJA,2018,12,4,""452,025.01"",0.00,""452,025.01"",,,"
"999701,09/01/2019,SAN MIGUEL,2018,12,1,""4,026.24"",0.00,""4,026.24"",,,"
"1002121,23/01/2019,ATE,2018,11,4,""319,443.06"",""2,938.88"",""322,381.94"",,,"
1004121,24/01/2019,CARABAYLLO,2018,12,2,714.51,0.00,714.51,,,
"1006382,08/01/2019,BARRANCO,2018,12,2,""3,592.20"",0.00,""3,592.20"",,,"
"1007079,09/01/2019,LA MOLINA,2018,12,1,""12,154.34"",0.00,""12,154.34"",,,"
"1010355,03/01/2019,SAN BORJA,2018,12,1,""34,859.40"",0.00,""34,859.40"",,,"
"1015072,31/01/2019,JESUS MARIA,2017,7,1,""10,944.47"",""2,278.46"",""13,222.93"",,,"
"1015585,14/01/2019,SAN ISIDRO,2018,12,1,""179,925.00"",0.00,""179,925.00"",,,"
"1016443,21/01/2019,SANTIAGO DE SURCO,2018,12,3,""86,159.64"",0.00,""86,159.64"",,,"
"1017146,30/01/2019,LINCE,2019,1,1,""8,697.00"",0.00,""8,697.00"",,,"
"1017761,10/01/2019,SAN JUAN DE LURIGANCHO,2018,12,1,""2,629.66"",0.00,""2,629.66"",,,"
"1019637,29/01/2019,CARABAYLLO,2018,12,1,""1,698.00"",0.00,""1,698.00"",,,"
"1025002,31/01/2019,SURQUILLO,2018,9,2,""12,435.00"",457.60,""12,892.60"",,,"
"1025073,10/01/2019,PUNTA NEGRA,2018,12,1,""11,707.32"",0.00,""11,707.32"",,,"
"1027141,14/01/2019,MIRAFLORES,2018,12,1,""19,011.00"",0.00,""19,011.00"",,,"
1027141,16/01/2019,MIRAFLORES,2019,1,1,216.22,0.00,216.22,,,
"1027473,07/01/2019,MIRAFLORES,2018,12,4,""32,010.00"",0.00,""32,010.00"",,,"
"1028214,24/01/2019,LURIGANCHO,2018,12,1,""2,631.00"",0.00,""2,631.00"",,,"
"1032012,16/01/2019,MIRAFLORES,2019,1,1,""17,338.14"",0.00,""17,338.14"",,,"
"1033719,30/01/2019,SAN LUIS,2019,1,2,""20,560.50"",0.00,""20,560.50"",,,"
1035269,25/01/2019,MAGDALENA DEL MAR,2019,1,1,545.77,0.00,545.77,,,
"1035590,03/01/2019,SAN MIGUEL,2018,6,1,""37,887.00"",""2,364.14"",""40,251.14"",,,"
1036262,31/01/2019,MAGDALENA DEL MAR,2017,6,1,0.00,0.00,0.00,,,
"1040779,23/01/2019,SAN ISIDRO,2019,1,1,""13,230.00"",0.00,""13,230.00"",,,"
"1041057,09/01/2019,JESUS MARIA,2018,12,1,""7,878.30"",0.00,""7,878.30"",,,"
"1041955,22/01/2019,SANTIAGO DE SURCO,2018,12,7,""87,615.92"",0.00,""87,615.92"",,,"
"1042056,25/01/2019,MIRAFLORES,2019,1,1,""17,566.32"",0.00,""17,566.32"",,,"
"1043039,02/01/2019,CIENEGUILLA,2018,12,1,""4,534.73"",0.00,""4,534.73"",,,"
"1043774,30/01/2019,MIRAFLORES,2019,1,1,""14,112.00"",0.00,""14,112.00"",,,"
"1044299,25/01/2019,MAGDALENA DEL MAR,2019,1,1,""6,770.40"",0.00,""6,770.40"",,,"
"1045685,31/01/2019,CARABAYLLO,2015,6,1,739.71,""1,033.12"",""1,772.83"",,,"
1045934,12/01/2019,RIMAC,2018,12,1,777.00,0.00,777.00,,,
"1046718,02/01/2019,LIMA,2018,11,1,""327,680.38"",262.14,""327,942.52"",,,"
"1046718,24/01/2019,PUEBLO LIBRE,2019,1,1,""138,511.78"",0.00,""138,511.78"",,,"
"1046718,30/01/2019,JESUS MARIA,2019,1,1,""11,488.26"",0.00,""11,488.26"",,,"
"1047093,11/01/2019,SANTIAGO DE SURCO,2018,12,5,""16,488.75"",0.00,""16,488.75"",,,"
"1047279,14/01/2019,SANTIAGO DE SURCO,2019,1,1,""9,324.00"",0.00,""9,324.00"",,,"
"1048722,05/01/2019,CHORRILLOS,2018,12,1,""6,303.75"",0.00,""6,303.75"",,,"
"1051568,28/01/2019,LINCE,2018,12,1,""6,371.25"",0.00,""6,371.25"",,,"
1051568,31/01/2019,LINCE,2018,12,2,47.74,0.00,47.74,,,
1052814,17/01/2019,LURIN,2019,1,1,963.06,0.00,963.06,,,
1052814,24/01/2019,LURIN,2019,1,1,825.71,0.00,825.71,,,
1052822,10/01/2019,SAN MARTIN DE PORRES,2018,12,1,524.25,0.00,524.25,,,
"1053612,30/01/2019,SURQUILLO,2019,1,1,""1,507.05"",0.00,""1,507.05"",,,"
"1054562,08/01/2019,LINCE,2018,12,2,""23,590.65"",0.00,""23,590.65"",,,"
"1054825,07/01/2019,SAN BORJA,2019,1,2,""61,891.20"",0.00,""61,891.20"",,,"
"1054982,18/01/2019,ATE,2018,12,1,""1,455.72"",0.00,""1,455.72"",,,"
"1055342,09/01/2019,MIRAFLORES,2018,11,3,""70,113.04"",252.40,""70,365.44"",,,"
1056886,07/01/2019,LURIN,2018,1,1,92.22,11.55,103.77,,,
1057189,29/01/2019,LIMA,2017,7,1,510.83,105.44,616.27,,,
"1058856,23/01/2019,MIRAFLORES,2019,1,2,""32,183.55"",0.00,""32,183.55"",,,"
"1060030,31/01/2019,VILLA MARIA DEL TRIUNFO,2017,5,1,""5,804.62"",""1,353.94"",""7,158.56"",,,"
"1065297,16/01/2019,CHORRILLOS,2018,11,4,""13,570.71"",86.84,""13,657.55"",,,"
"1066514,25/01/2019,LURIGANCHO,2018,11,2,""58,368.00"",583.68,""58,951.68"",,,"
"1068113,11/01/2019,LURIGANCHO,2019,1,1,""3,165.96"",0.00,""3,165.96"",,,"
"1069510,28/01/2019,LIMA,2018,12,1,""1,863.99"",0.00,""1,863.99"",,,"
"1069958,05/01/2019,SANTIAGO DE SURCO,2018,11,1,""1,472.89"",2.95,""1,475.84"",,,"
"1070215,11/01/2019,MIRAFLORES,2018,11,1,""18,814.38"",82.78,""18,897.16"",,,"
"1070655,18/01/2019,SAN ISIDRO,2019,1,1,""20,666.48"",0.00,""20,666.48"",,,"
"1071258,11/01/2019,LURIN,2019,1,1,""7,164.36"",0.00,""7,164.36"",,,"
"1071344,29/01/2019,MIRAFLORES,2019,1,1,""2,764.80"",0.00,""2,764.80"",,,"
